item_id,platform_name,media
1,PlayStation,"Optical disc"
8,Nintendo,"Game card"
9,Nintendo,"Game card"
12,Xbox,"Cartridge"
13,Nintendo,"Optical disc"
15,Nintendo,"Game card"
16,Xbox,"Game card"
17,Xbox,"Cartridge"
18,PlayStation,"Cartridge"
20,Nintendo,"Optical disc"
26,Nintendo,"Cartridge"
28,Xbox,"Game card"
32,Xbox,"Optical disc"
38,Nintendo,"Game card"
42,Nintendo,"Game card"
43,Xbox,"Optical disc"
50,Nintendo,"Game card"
51,Xbox,"Optical disc"
60,PlayStation,"Game card"
61,PlayStation,"Optical disc"
66,Xbox,"Optical disc"
72,PlayStation,"Game card"
75,Nintendo,"Cartridge"
76,Nintendo,"Game card"
77,PlayStation,"Cartridge"
79,Nintendo,"Game card"
91,Xbox,"Cartridge"
95,Xbox,"Game card"
98,Nintendo,"Cartridge"
99,PlayStation,"Optical disc"
108,PlayStation,"Game card"
110,Xbox,"Cartridge"
111,Xbox,"Game card"
115,Xbox,"Cartridge"
116,PlayStation,"Game card"
122,PlayStation,"Cartridge"
126,PlayStation,"Optical disc"
127,Xbox,"Optical disc"
128,Xbox,"Optical disc"
129,Xbox,"Optical disc"
134,Xbox,"Cartridge"
136,Nintendo,"Game card"
139,PlayStation,"Cartridge"
142,Xbox,"Optical disc"
146,Xbox,"Cartridge"
149,Xbox,"Game card"
153,Nintendo,"Game card"
155,Xbox,"Cartridge"
170,Xbox,"Optical disc"
171,PlayStation,"Optical disc"
172,PlayStation,"Game card"
175,Xbox,"Optical disc"
178,PlayStation,"Optical disc"
180,PlayStation,"Cartridge"
184,PlayStation,"Optical disc"
192,Xbox,"Game card"
203,Xbox,"Cartridge"
209,PlayStation,"Optical disc"
211,Nintendo,"Game card"
212,Xbox,"Game card"
216,Nintendo,"Optical disc"
219,Nintendo,"Optical disc"
221,Nintendo,"Cartridge"
227,Xbox,"Game card"
230,Nintendo,"Game card"
231,Xbox,"Cartridge"
239,Xbox,"Game card"
242,Nintendo,"Optical disc"
243,PlayStation,"Cartridge"
244,Xbox,"Cartridge"
246,Xbox,"Optical disc"
247,Xbox,"Cartridge"
252,Xbox,"Optical disc"
253,PlayStation,"Optical disc"
256,PlayStation,"Optical disc"
260,Nintendo,"Cartridge"
264,Nintendo,"Cartridge"
267,Nintendo,"Game card"
269,Xbox,"Optical disc"
270,Xbox,"Optical disc"
271,Nintendo,"Game card"
282,Nintendo,"Optical disc"
294,Xbox,"Game card"
295,Xbox,"Cartridge"
296,Nintendo,"Game card"
298,Xbox,"Optical disc"
303,PlayStation,"Cartridge"
313,Nintendo,"Game card"
316,Xbox,"Cartridge"
326,PlayStation,"Game card"
328,Nintendo,"Game card"
330,Xbox,"Cartridge"
333,Nintendo,"Game card"
338,Nintendo,"Game card"
341,PlayStation,"Cartridge"
342,PlayStation,"Game card"
343,Nintendo,"Game card"
360,Nintendo,"Game card"
364,Nintendo,"Game card"
368,Xbox,"Cartridge"
372,Xbox,"Cartridge"
381,Xbox,"Cartridge"
392,Nintendo,"Game card"
394,Xbox,"Optical disc"
397,Xbox,"Cartridge"
399,Xbox,"Cartridge"
400,PlayStation,"Cartridge"
404,Xbox,"Cartridge"
405,PlayStation,"Cartridge"
409,Xbox,"Cartridge"
415,Xbox,"Optical disc"
422,PlayStation,"Optical disc"
423,PlayStation,"Game card"
426,Nintendo,"Game card"
427,Xbox,"Cartridge"
429,Xbox,"Game card"
430,Nintendo,"Game card"
431,Nintendo,"Optical disc"
433,PlayStation,"Game card"
434,Nintendo,"Game card"
437,PlayStation,"Cartridge"
445,Nintendo,"Optical disc"
449,Nintendo,"Cartridge"
450,Nintendo,"Cartridge"
455,Nintendo,"Optical disc"
456,PlayStation,"Cartridge"
458,Nintendo,"Cartridge"
461,Nintendo,"Cartridge"
465,PlayStation,"Game card"
466,PlayStation,"Optical disc"
467,Xbox,"Cartridge"
470,Xbox,"Optical disc"
472,PlayStation,"Game card"
473,Xbox,"Game card"
478,Xbox,"Optical disc"
479,Nintendo,"Cartridge"
482,Xbox,"Game card"
485,PlayStation,"Cartridge"
486,Nintendo,"Optical disc"
492,Xbox,"Cartridge"
495,PlayStation,"Cartridge"
496,Xbox,"Cartridge"
497,Nintendo,"Cartridge"
499,PlayStation,"Cartridge"
500,Xbox,"Optical disc"
503,PlayStation,"Cartridge"
506,PlayStation,"Optical disc"
509,Nintendo,"Cartridge"
511,Xbox,"Optical disc"
514,Xbox,"Cartridge"
516,PlayStation,"Game card"
523,Xbox,"Cartridge"
528,PlayStation,"Optical disc"
529,Nintendo,"Optical disc"
532,PlayStation,"Cartridge"
536,Xbox,"Cartridge"
537,Nintendo,"Game card"
539,Xbox,"Cartridge"
540,Nintendo,"Optical disc"
541,Nintendo,"Cartridge"
543,Nintendo,"Game card"
546,Xbox,"Optical disc"
555,Nintendo,"Optical disc"
562,Xbox,"Cartridge"
563,Xbox,"Cartridge"
572,Xbox,"Cartridge"
573,Nintendo,"Game card"
579,Nintendo,"Game card"
582,Nintendo,"Optical disc"
583,Nintendo,"Game card"
599,Xbox,"Cartridge"
601,Xbox,"Cartridge"
603,Xbox,"Cartridge"
604,Nintendo,"Optical disc"
605,PlayStation,"Game card"
606,Xbox,"Game card"
608,PlayStation,"Optical disc"
612,Xbox,"Optical disc"
622,PlayStation,"Optical disc"
624,Xbox,"Cartridge"
627,Nintendo,"Optical disc"
628,Xbox,"Cartridge"
635,Xbox,"Cartridge"
639,Nintendo,"Cartridge"
649,Xbox,"Game card"
650,Xbox,"Cartridge"
651,Xbox,"Optical disc"
653,PlayStation,"Cartridge"
654,Nintendo,"Cartridge"
655,Nintendo,"Game card"
656,Xbox,"Optical disc"
664,Nintendo,"Cartridge"
665,PlayStation,"Game card"
666,Xbox,"Cartridge"
669,Xbox,"Cartridge"
673,PlayStation,"Optical disc"
674,Nintendo,"Cartridge"
675,PlayStation,"Optical disc"
678,Xbox,"Game card"
681,Nintendo,"Optical disc"
690,PlayStation,"Game card"
693,PlayStation,"Game card"
696,Xbox,"Optical disc"
701,Nintendo,"Optical disc"
702,Xbox,"Cartridge"
703,Xbox,"Game card"
705,Nintendo,"Cartridge"
709,Xbox,"Cartridge"
714,Xbox,"Game card"
715,Xbox,"Cartridge"
717,Nintendo,"Game card"
719,PlayStation,"Game card"
724,Xbox,"Cartridge"
725,Nintendo,"Game card"
726,Xbox,"Cartridge"
729,Nintendo,"Optical disc"
732,PlayStation,"Cartridge"
733,Nintendo,"Game card"
735,Nintendo,"Optical disc"
738,Nintendo,"Game card"
744,Nintendo,"Cartridge"
749,PlayStation,"Optical disc"
755,Nintendo,"Cartridge"
756,Xbox,"Cartridge"
760,Xbox,"Game card"
761,Xbox,"Cartridge"
764,Xbox,"Optical disc"
767,PlayStation,"Cartridge"
781,Nintendo,"Cartridge"
782,Nintendo,"Cartridge"
792,Xbox,"Cartridge"
796,Xbox,"Game card"
799,Xbox,"Cartridge"
801,Xbox,"Cartridge"
807,Nintendo,"Game card"
811,PlayStation,"Cartridge"
814,PlayStation,"Optical disc"
817,Nintendo,"Cartridge"
818,Xbox,"Cartridge"
819,Xbox,"Game card"
824,Xbox,"Cartridge"
825,Xbox,"Game card"
829,PlayStation,"Cartridge"
831,Xbox,"Cartridge"
835,PlayStation,"Optical disc"
836,Nintendo,"Cartridge"
837,PlayStation,"Cartridge"
839,Xbox,"Cartridge"
841,Xbox,"Cartridge"
842,Nintendo,"Cartridge"
848,PlayStation,"Optical disc"
849,PlayStation,"Cartridge"
851,Nintendo,"Cartridge"
854,PlayStation,"Optical disc"
857,Xbox,"Game card"
858,Nintendo,"Optical disc"
862,Nintendo,"Game card"
863,Nintendo,"Cartridge"
868,Nintendo,"Game card"
870,Nintendo,"Optical disc"
872,PlayStation,"Game card"
873,Xbox,"Cartridge"
875,Nintendo,"Optical disc"
879,Xbox,"Cartridge"
887,PlayStation,"Optical disc"
888,PlayStation,"Cartridge"
891,Nintendo,"Cartridge"
895,Xbox,"Optical disc"
898,PlayStation,"Optical disc"
899,Nintendo,"Cartridge"
907,PlayStation,"Game card"
908,Xbox,"Cartridge"
909,Xbox,"Game card"
910,Xbox,"Game card"
926,Xbox,"Optical disc"
927,Nintendo,"Game card"
928,Nintendo,"Cartridge"
934,Nintendo,"Game card"
936,Xbox,"Game card"
937,PlayStation,"Game card"
940,Xbox,"Optical disc"
943,PlayStation,"Cartridge"
944,Nintendo,"Game card"
947,Nintendo,"Optical disc"
948,Xbox,"Optical disc"
954,Xbox,"Optical disc"
956,Xbox,"Cartridge"
960,PlayStation,"Cartridge"
965,Nintendo,"Cartridge"
969,Xbox,"Cartridge"
970,Nintendo,"Game card"
971,Nintendo,"Game card"
974,PlayStation,"Cartridge"
978,PlayStation,"Game card"
981,Xbox,"Cartridge"
982,Nintendo,"Game card"
984,PlayStation,"Optical disc"
985,Xbox,"Game card"
991,Xbox,"Optical disc"
999,Nintendo,"Game card"
1001,Nintendo,"Optical disc"
1002,Xbox,"Optical disc"
1015,PlayStation,"Cartridge"
1017,Nintendo,"Optical disc"
1020,Nintendo,"Cartridge"
1022,Xbox,"Optical disc"
1023,Nintendo,"Game card"
1027,Xbox,"Cartridge"
1031,Nintendo,"Cartridge"
1036,Xbox,"Cartridge"
1039,Xbox,"Cartridge"
1045,Xbox,"Optical disc"
1048,PlayStation,"Game card"
1055,Nintendo,"Game card"
1057,Nintendo,"Optical disc"
1063,Nintendo,"Game card"
1068,Nintendo,"Optical disc"
1070,Nintendo,"Game card"
1073,Xbox,"Cartridge"
1075,Xbox,"Optical disc"
1079,Nintendo,"Optical disc"
1081,Nintendo,"Cartridge"
1085,Nintendo,"Optical disc"
1089,PlayStation,"Optical disc"
1094,Nintendo,"Cartridge"
1100,Xbox,"Optical disc"
1105,PlayStation,"Game card"
1111,Nintendo,"Game card"
1112,Xbox,"Cartridge"
1120,Nintendo,"Game card"
1123,Nintendo,"Game card"
1124,Nintendo,"Cartridge"
1128,Xbox,"Game card"
1131,Nintendo,"Cartridge"
1132,Xbox,"Cartridge"
1135,Xbox,"Optical disc"
1136,Nintendo,"Game card"
1137,Xbox,"Cartridge"
1146,PlayStation,"Cartridge"
1149,Nintendo,"Optical disc"
1150,Xbox,"Optical disc"
1153,PlayStation,"Game card"
1158,Xbox,"Cartridge"
1167,Xbox,"Game card"
1168,Nintendo,"Game card"
1176,PlayStation,"Game card"
1177,PlayStation,"Optical disc"
1178,Xbox,"Cartridge"
1180,PlayStation,"Game card"
1191,Nintendo,"Optical disc"
1199,Nintendo,"Optical disc"
1201,Xbox,"Optical disc"
1203,Nintendo,"Game card"
1206,PlayStation,"Game card"
1208,PlayStation,"Optical disc"
1209,PlayStation,"Cartridge"
1210,Xbox,"Cartridge"
1211,PlayStation,"Optical disc"
1212,PlayStation,"Cartridge"
1213,PlayStation,"Cartridge"
1219,PlayStation,"Optical disc"
1220,Nintendo,"Game card"
1239,Xbox,"Optical disc"
1240,Nintendo,"Optical disc"
1245,PlayStation,"Optical disc"
1248,Nintendo,"Cartridge"
1252,Nintendo,"Optical disc"
1254,PlayStation,"Optical disc"
1257,Xbox,"Optical disc"
1258,PlayStation,"Optical disc"
1260,Nintendo,"Game card"
1263,Xbox,"Game card"
1266,Xbox,"Optical disc"
1279,Xbox,"Optical disc"
1280,Nintendo,"Cartridge"
1286,PlayStation,"Optical disc"
1287,Xbox,"Cartridge"
1289,PlayStation,"Cartridge"
1292,PlayStation,"Optical disc"
1293,Nintendo,"Optical disc"
1299,Xbox,"Optical disc"
1301,Nintendo,"Game card"
1306,Nintendo,"Optical disc"
1307,Xbox,"Game card"
1311,Nintendo,"Game card"
1314,PlayStation,"Optical disc"
1315,Xbox,"Optical disc"
1316,Xbox,"Cartridge"
1319,Nintendo,"Optical disc"
1321,Nintendo,"Optical disc"
1324,PlayStation,"Cartridge"
1326,PlayStation,"Cartridge"
1329,Xbox,"Cartridge"
1331,Xbox,"Cartridge"
1332,Nintendo,"Optical disc"
1336,Nintendo,"Game card"
1339,PlayStation,"Cartridge"
1340,Nintendo,"Optical disc"
1346,PlayStation,"Cartridge"
1348,Nintendo,"Game card"
1357,Nintendo,"Cartridge"
1359,Nintendo,"Game card"
1360,Xbox,"Game card"
1362,PlayStation,"Optical disc"
1367,Xbox,"Optical disc"
1370,PlayStation,"Cartridge"
1373,Nintendo,"Optical disc"
1374,Nintendo,"Game card"
1378,Xbox,"Optical disc"
1385,Xbox,"Optical disc"
1387,Nintendo,"Game card"
1391,Nintendo,"Optical disc"
1392,Nintendo,"Game card"
1393,Nintendo,"Game card"
1395,Xbox,"Optical disc"
1397,Xbox,"Cartridge"
1400,Nintendo,"Cartridge"
1403,PlayStation,"Cartridge"
1405,Xbox,"Cartridge"
1406,Xbox,"Game card"
1407,Xbox,"Cartridge"
1408,Nintendo,"Game card"
1410,Nintendo,"Cartridge"
1422,PlayStation,"Cartridge"
1426,Nintendo,"Optical disc"
1439,Xbox,"Optical disc"
1440,PlayStation,"Cartridge"
1441,PlayStation,"Game card"
1444,Nintendo,"Optical disc"
1447,Xbox,"Cartridge"
1448,Nintendo,"Optical disc"
1449,PlayStation,"Cartridge"
1450,Xbox,"Cartridge"
1451,PlayStation,"Optical disc"
1453,PlayStation,"Game card"
1455,Nintendo,"Cartridge"
1467,Nintendo,"Optical disc"
1468,PlayStation,"Cartridge"
1470,PlayStation,"Cartridge"
1474,Nintendo,"Game card"
1490,Nintendo,"Game card"
1492,Xbox,"Game card"
1493,Nintendo,"Game card"
1497,PlayStation,"Cartridge"
1498,Xbox,"Game card"
1502,Xbox,"Cartridge"
1504,Nintendo,"Optical disc"
1505,Xbox,"Game card"
1514,Nintendo,"Cartridge"
1515,Xbox,"Cartridge"
1516,PlayStation,"Optical disc"
1519,Nintendo,"Game card"
1521,Xbox,"Cartridge"
1525,Xbox,"Game card"
1527,Xbox,"Cartridge"
1528,Nintendo,"Game card"
1530,Xbox,"Cartridge"
1531,Nintendo,"Cartridge"
1534,PlayStation,"Cartridge"
1545,PlayStation,"Cartridge"
1546,Xbox,"Optical disc"
1548,Nintendo,"Optical disc"
1552,PlayStation,"Optical disc"
1556,Nintendo,"Game card"
1557,Xbox,"Game card"
1561,Nintendo,"Game card"
1562,Xbox,"Cartridge"
1566,PlayStation,"Game card"
1567,Xbox,"Cartridge"
1570,Xbox,"Game card"
1572,PlayStation,"Optical disc"
1578,Nintendo,"Cartridge"
1584,Nintendo,"Game card"
1588,Nintendo,"Optical disc"
1596,Xbox,"Cartridge"
1598,Xbox,"Game card"
1600,Nintendo,"Optical disc"
1602,PlayStation,"Game card"
1605,PlayStation,"Optical disc"
1611,PlayStation,"Game card"
1612,PlayStation,"Optical disc"
1614,Nintendo,"Optical disc"
1615,PlayStation,"Optical disc"
1617,Nintendo,"Optical disc"
1633,Nintendo,"Cartridge"
1634,Nintendo,"Optical disc"
1636,Xbox,"Cartridge"
1641,PlayStation,"Optical disc"
1642,Nintendo,"Cartridge"
1644,PlayStation,"Game card"
1647,Xbox,"Game card"
1648,Nintendo,"Cartridge"
1650,Xbox,"Optical disc"
1655,Nintendo,"Cartridge"
1656,Nintendo,"Cartridge"
1661,Nintendo,"Cartridge"
1662,Xbox,"Cartridge"
1663,Nintendo,"Optical disc"
1670,Xbox,"Optical disc"
1673,Nintendo,"Cartridge"
1675,Xbox,"Cartridge"
1680,Xbox,"Game card"
1682,Nintendo,"Cartridge"
1683,Xbox,"Optical disc"
1685,Nintendo,"Optical disc"
1686,Nintendo,"Optical disc"
1688,Nintendo,"Game card"
1692,Xbox,"Optical disc"
1693,PlayStation,"Optical disc"
1695,Nintendo,"Cartridge"
1696,PlayStation,"Optical disc"
1699,Xbox,"Cartridge"
1702,Xbox,"Optical disc"
1704,Xbox,"Optical disc"
1705,PlayStation,"Optical disc"
1706,Xbox,"Game card"
1708,Xbox,"Optical disc"
1713,Nintendo,"Cartridge"
1717,PlayStation,"Optical disc"
1719,Nintendo,"Optical disc"
1720,Nintendo,"Cartridge"
1729,Xbox,"Cartridge"
1731,Xbox,"Game card"
1735,Xbox,"Cartridge"
1737,Xbox,"Optical disc"
1740,Xbox,"Cartridge"
1748,PlayStation,"Game card"
1753,Xbox,"Game card"
1768,Xbox,"Optical disc"
1773,PlayStation,"Cartridge"
1778,Xbox,"Game card"
1781,Nintendo,"Cartridge"
1784,Xbox,"Game card"
1786,Xbox,"Cartridge"
1789,Nintendo,"Cartridge"
1790,Nintendo,"Optical disc"
1791,Xbox,"Cartridge"
1792,Nintendo,"Game card"
1797,Nintendo,"Optical disc"
1805,Xbox,"Cartridge"
1809,Xbox,"Cartridge"
1810,Xbox,"Optical disc"
1811,Nintendo,"Game card"
1815,Xbox,"Cartridge"
1817,Nintendo,"Cartridge"
1824,PlayStation,"Optical disc"
1825,Nintendo,"Game card"
1828,Nintendo,"Game card"
1829,Xbox,"Cartridge"
1836,Xbox,"Cartridge"
1843,Xbox,"Game card"
1845,Xbox,"Cartridge"
1846,Nintendo,"Optical disc"
1850,Nintendo,"Optical disc"
1855,PlayStation,"Optical disc"
1858,Nintendo,"Optical disc"
1864,PlayStation,"Cartridge"
1867,Xbox,"Cartridge"
1872,PlayStation,"Optical disc"
1876,Nintendo,"Cartridge"
1883,PlayStation,"Game card"
1885,Xbox,"Game card"
1889,Nintendo,"Optical disc"
1896,Nintendo,"Game card"
1900,Xbox,"Cartridge"
1901,Xbox,"Optical disc"
1902,Xbox,"Cartridge"
1903,Nintendo,"Optical disc"
1905,Nintendo,"Game card"
1906,PlayStation,"Optical disc"
1909,Xbox,"Game card"
1911,Nintendo,"Cartridge"
1912,Xbox,"Optical disc"
1913,Nintendo,"Cartridge"
1919,Xbox,"Game card"
1922,PlayStation,"Optical disc"
1928,Xbox,"Optical disc"
1930,Xbox,"Cartridge"
1931,Xbox,"Game card"
1933,Nintendo,"Optical disc"
1934,Nintendo,"Optical disc"
1935,Nintendo,"Game card"
1936,Nintendo,"Cartridge"
1937,PlayStation,"Optical disc"
1938,Nintendo,"Game card"
1940,Xbox,"Game card"
1944,Xbox,"Optical disc"
1947,PlayStation,"Cartridge"
1950,Xbox,"Cartridge"
1955,Xbox,"Cartridge"
1959,Xbox,"Cartridge"
1960,Nintendo,"Cartridge"
1961,Xbox,"Optical disc"
1967,Nintendo,"Optical disc"
1970,Xbox,"Cartridge"
1971,Nintendo,"Optical disc"
1972,Nintendo,"Game card"
1975,PlayStation,"Cartridge"
1979,Xbox,"Game card"
1982,Nintendo,"Optical disc"
1990,Nintendo,"Game card"
1993,Xbox,"Cartridge"
1994,Nintendo,"Cartridge"
1996,Nintendo,"Cartridge"
2001,Nintendo,"Optical disc"
2004,Nintendo,"Optical disc"
2005,Xbox,"Optical disc"
2012,Nintendo,"Optical disc"
2013,Xbox,"Cartridge"
2017,Nintendo,"Game card"
2020,Xbox,"Optical disc"
2024,Xbox,"Game card"
2027,PlayStation,"Optical disc"
2029,Nintendo,"Game card"
2036,Nintendo,"Game card"
2044,Nintendo,"Game card"
2046,Nintendo,"Optical disc"
2053,Xbox,"Cartridge"
2057,Xbox,"Optical disc"
2061,Xbox,"Cartridge"
2063,Xbox,"Optical disc"
2065,Xbox,"Game card"
2076,Xbox,"Optical disc"
2078,Xbox,"Optical disc"
2081,PlayStation,"Optical disc"
2086,Nintendo,"Cartridge"
2088,PlayStation,"Optical disc"
2097,Nintendo,"Game card"
2098,Nintendo,"Cartridge"
2099,Xbox,"Game card"
2100,Nintendo,"Game card"
2102,Nintendo,"Optical disc"
2106,Xbox,"Optical disc"
2108,Xbox,"Cartridge"
2109,Xbox,"Optical disc"
2110,Xbox,"Game card"
2113,Nintendo,"Cartridge"
2115,Nintendo,"Cartridge"
2117,Nintendo,"Game card"
2124,Xbox,"Cartridge"
2125,Xbox,"Cartridge"
2129,Nintendo,"Game card"
2131,Xbox,"Cartridge"
2136,PlayStation,"Optical disc"
2138,Nintendo,"Optical disc"
2140,PlayStation,"Cartridge"
2145,PlayStation,"Optical disc"
2148,Xbox,"Optical disc"
2151,Xbox,"Optical disc"
2152,Nintendo,"Optical disc"
2156,Xbox,"Optical disc"
2157,Nintendo,"Game card"
2158,Xbox,"Optical disc"
2159,Nintendo,"Game card"
2162,Xbox,"Game card"
2163,Nintendo,"Optical disc"
2165,Nintendo,"Optical disc"
2171,Nintendo,"Cartridge"
2186,Xbox,"Game card"
2187,PlayStation,"Cartridge"
2188,Nintendo,"Game card"
2189,Xbox,"Cartridge"
2191,Nintendo,"Cartridge"
2193,Nintendo,"Cartridge"
2196,Nintendo,"Game card"
2197,Xbox,"Game card"
2199,Nintendo,"Game card"
2207,Nintendo,"Game card"
2210,Xbox,"Game card"
2213,Xbox,"Cartridge"
2214,Nintendo,"Optical disc"
2216,Xbox,"Optical disc"
2217,Nintendo,"Cartridge"
2218,PlayStation,"Game card"
2219,Xbox,"Game card"
2222,Xbox,"Optical disc"
2224,PlayStation,"Optical disc"
2226,PlayStation,"Optical disc"
2230,Xbox,"Cartridge"
2235,Nintendo,"Cartridge"
2254,Xbox,"Optical disc"
2256,Xbox,"Cartridge"
2266,Nintendo,"Optical disc"
2271,PlayStation,"Cartridge"
2272,Nintendo,"Cartridge"
2274,Xbox,"Optical disc"
2276,Xbox,"Optical disc"
2279,Xbox,"Game card"
2280,Nintendo,"Game card"
2283,Xbox,"Optical disc"
2291,Nintendo,"Game card"
2296,Xbox,"Optical disc"
2300,PlayStation,"Cartridge"
2303,PlayStation,"Cartridge"
2309,Nintendo,"Optical disc"
2311,Nintendo,"Game card"
2318,Xbox,"Optical disc"
2325,Nintendo,"Game card"
2328,Xbox,"Cartridge"
2329,PlayStation,"Game card"
2331,Xbox,"Cartridge"
2333,Nintendo,"Game card"
2335,Xbox,"Cartridge"
2339,Nintendo,"Game card"
2341,Nintendo,"Cartridge"
2343,Nintendo,"Optical disc"
2346,Nintendo,"Optical disc"
2361,Xbox,"Cartridge"
2363,Xbox,"Cartridge"
2370,PlayStation,"Game card"
2372,PlayStation,"Cartridge"
2375,Nintendo,"Optical disc"
2376,Nintendo,"Game card"
2380,Nintendo,"Optical disc"
2384,Xbox,"Optical disc"
2385,Xbox,"Game card"
2388,Xbox,"Game card"
2391,Xbox,"Cartridge"
2394,Xbox,"Optical disc"
2401,Nintendo,"Cartridge"
2406,Nintendo,"Optical disc"
2407,Nintendo,"Optical disc"
2408,Nintendo,"Cartridge"
2412,Nintendo,"Game card"
2413,Xbox,"Cartridge"
2418,PlayStation,"Game card"
2422,Xbox,"Game card"
2423,Xbox,"Game card"
2424,PlayStation,"Game card"
2425,Xbox,"Cartridge"
2426,Xbox,"Game card"
2428,Xbox,"Optical disc"
2430,Xbox,"Cartridge"
2433,Xbox,"Cartridge"
2435,Nintendo,"Game card"
2436,Nintendo,"Optical disc"
2439,Nintendo,"Game card"
2442,Xbox,"Optical disc"
2444,Xbox,"Cartridge"
2446,Xbox,"Cartridge"
2447,Xbox,"Game card"
2451,Xbox,"Cartridge"
2452,Xbox,"Optical disc"
2453,Xbox,"Optical disc"
2454,Xbox,"Game card"
2458,Xbox,"Game card"
2462,Xbox,"Cartridge"
2466,PlayStation,"Optical disc"
2468,PlayStation,"Optical disc"
2470,Xbox,"Game card"
2471,Nintendo,"Optical disc"
2472,Xbox,"Optical disc"
2474,PlayStation,"Cartridge"
2475,Nintendo,"Cartridge"
2476,Nintendo,"Game card"
2479,Nintendo,"Game card"
2486,Nintendo,"Game card"
2488,Xbox,"Optical disc"
2493,Xbox,"Cartridge"
2498,Xbox,"Game card"
2499,PlayStation,"Cartridge"
2506,Xbox,"Game card"
2507,Nintendo,"Cartridge"
2510,Xbox,"Game card"
2513,PlayStation,"Optical disc"
2515,Nintendo,"Game card"
2517,Xbox,"Game card"
2519,Xbox,"Game card"
2523,Nintendo,"Cartridge"
2525,Xbox,"Optical disc"
2532,Nintendo,"Optical disc"
2540,Nintendo,"Cartridge"
2541,Xbox,"Optical disc"
2542,Xbox,"Cartridge"
2544,Xbox,"Cartridge"
2546,PlayStation,"Optical disc"
2548,Nintendo,"Optical disc"
2549,PlayStation,"Game card"
2557,Xbox,"Cartridge"
2561,Nintendo,"Optical disc"
2562,PlayStation,"Optical disc"
2566,Xbox,"Game card"
2567,PlayStation,"Game card"
2570,Xbox,"Cartridge"
2576,Nintendo,"Cartridge"
2582,Xbox,"Cartridge"
2583,PlayStation,"Cartridge"
2586,Nintendo,"Game card"
2588,Xbox,"Optical disc"
2594,Nintendo,"Game card"
2602,Xbox,"Optical disc"
2603,Nintendo,"Game card"
2604,PlayStation,"Game card"
2609,PlayStation,"Cartridge"
2618,PlayStation,"Optical disc"
2619,Nintendo,"Game card"
2620,PlayStation,"Optical disc"
2625,Xbox,"Game card"
2627,Nintendo,"Cartridge"
2628,Xbox,"Cartridge"
2629,Xbox,"Cartridge"
2635,Xbox,"Optical disc"
2636,Nintendo,"Cartridge"
2646,PlayStation,"Game card"
2648,Nintendo,"Game card"
2651,Xbox,"Optical disc"
2655,Nintendo,"Cartridge"
2657,Xbox,"Cartridge"
2659,Xbox,"Optical disc"
2660,Nintendo,"Cartridge"
2664,Xbox,"Cartridge"
2668,Xbox,"Game card"
2672,Xbox,"Cartridge"
2675,Nintendo,"Cartridge"
2676,Nintendo,"Optical disc"
2677,Xbox,"Optical disc"
2682,Xbox,"Optical disc"
2687,Nintendo,"Game card"
2689,Nintendo,"Game card"
2692,Xbox,"Cartridge"
2694,Nintendo,"Cartridge"
2699,Nintendo,"Optical disc"
2701,Nintendo,"Game card"
2704,Xbox,"Game card"
2708,Xbox,"Optical disc"
2709,PlayStation,"Cartridge"
2713,Xbox,"Game card"
2720,PlayStation,"Cartridge"
2725,Xbox,"Cartridge"
2729,Nintendo,"Cartridge"
2731,Nintendo,"Optical disc"
2736,Nintendo,"Game card"
2738,PlayStation,"Optical disc"
2739,Nintendo,"Cartridge"
2744,PlayStation,"Game card"
2747,Xbox,"Cartridge"
2751,PlayStation,"Optical disc"
2752,Xbox,"Cartridge"
2753,PlayStation,"Cartridge"
2756,Nintendo,"Game card"
2762,PlayStation,"Cartridge"
2769,Nintendo,"Optical disc"
2773,Xbox,"Cartridge"
2775,Xbox,"Optical disc"
2778,Nintendo,"Game card"
2782,PlayStation,"Game card"
2792,Xbox,"Cartridge"
2795,Nintendo,"Optical disc"
2801,Nintendo,"Game card"
2802,Xbox,"Cartridge"
2803,Xbox,"Cartridge"
2807,Xbox,"Cartridge"
2813,Nintendo,"Game card"
2816,Xbox,"Optical disc"
2823,Xbox,"Cartridge"
2827,PlayStation,"Optical disc"
2832,Xbox,"Optical disc"
2835,Nintendo,"Optical disc"
2836,PlayStation,"Optical disc"
2837,Nintendo,"Game card"
2838,PlayStation,"Optical disc"
2840,Xbox,"Optical disc"
2841,Xbox,"Optical disc"
2846,Xbox,"Cartridge"
2847,Xbox,"Optical disc"
2851,Xbox,"Cartridge"
2853,Nintendo,"Optical disc"
2856,Nintendo,"Cartridge"
2858,Xbox,"Cartridge"
2861,Nintendo,"Game card"
2862,Nintendo,"Game card"
2867,PlayStation,"Cartridge"
2869,PlayStation,"Optical disc"
2874,Xbox,"Game card"
2880,Xbox,"Optical disc"
2881,Nintendo,"Cartridge"
2889,Xbox,"Cartridge"
2892,Xbox,"Cartridge"
2895,Xbox,"Cartridge"
2904,Xbox,"Cartridge"
2911,Xbox,"Game card"
2912,Xbox,"Cartridge"
2916,PlayStation,"Game card"
2919,Xbox,"Cartridge"
2922,Nintendo,"Cartridge"
2923,Xbox,"Cartridge"
2929,Xbox,"Cartridge"
2935,Xbox,"Cartridge"
2942,PlayStation,"Optical disc"
2948,Nintendo,"Cartridge"
2949,PlayStation,"Optical disc"
2950,Nintendo,"Optical disc"
2952,PlayStation,"Optical disc"
2955,Xbox,"Game card"
2957,Xbox,"Cartridge"
2958,Nintendo,"Cartridge"
2960,Nintendo,"Game card"
2962,Xbox,"Cartridge"
2964,Nintendo,"Optical disc"
2965,Xbox,"Cartridge"
2977,Xbox,"Cartridge"
2978,PlayStation,"Optical disc"
2979,PlayStation,"Optical disc"
2982,Nintendo,"Optical disc"
2983,Xbox,"Cartridge"
2988,Xbox,"Optical disc"
2990,Nintendo,"Optical disc"
2997,Nintendo,"Optical disc"
2999,Nintendo,"Optical disc"
3001,Xbox,"Optical disc"
3006,Nintendo,"Game card"
3015,PlayStation,"Optical disc"
3019,Xbox,"Cartridge"
3020,Xbox,"Cartridge"
3032,Nintendo,"Optical disc"
3037,Nintendo,"Optical disc"
3038,Xbox,"Game card"
3040,Nintendo,"Cartridge"
3041,Nintendo,"Game card"
3042,Xbox,"Cartridge"
3044,Xbox,"Cartridge"
3051,PlayStation,"Game card"
3055,Xbox,"Game card"
3056,Nintendo,"Optical disc"
3059,Xbox,"Game card"
3065,Xbox,"Game card"
3067,PlayStation,"Cartridge"
3068,Xbox,"Cartridge"
3069,Xbox,"Game card"
3078,Xbox,"Cartridge"
3079,PlayStation,"Optical disc"
3091,Nintendo,"Optical disc"
3095,PlayStation,"Game card"
3096,Nintendo,"Optical disc"
3097,Xbox,"Game card"
3099,Nintendo,"Game card"
3104,Xbox,"Cartridge"
3112,Nintendo,"Game card"
3119,PlayStation,"Cartridge"
3120,Nintendo,"Cartridge"
3121,Xbox,"Game card"
3125,Xbox,"Optical disc"
3130,Nintendo,"Cartridge"
3131,Nintendo,"Game card"
3132,Nintendo,"Cartridge"
3133,Nintendo,"Optical disc"
3134,Xbox,"Optical disc"
3137,Xbox,"Cartridge"
3143,Nintendo,"Game card"
3145,Nintendo,"Game card"
3147,Nintendo,"Game card"
3149,Nintendo,"Cartridge"
3154,Xbox,"Optical disc"
3155,Xbox,"Optical disc"
3159,Nintendo,"Game card"
3161,Nintendo,"Game card"
3165,Xbox,"Game card"
3168,Xbox,"Game card"
3172,Xbox,"Optical disc"
3175,Xbox,"Optical disc"
3176,Nintendo,"Optical disc"
3178,PlayStation,"Cartridge"
3180,Xbox,"Cartridge"
3192,Xbox,"Cartridge"
3194,PlayStation,"Optical disc"
3196,Xbox,"Optical disc"
3201,Nintendo,"Cartridge"
3203,Xbox,"Optical disc"
3204,Xbox,"Cartridge"
3205,Xbox,"Cartridge"
3206,Nintendo,"Game card"
3208,Nintendo,"Cartridge"
3211,Nintendo,"Optical disc"
3212,Xbox,"Game card"
3216,Xbox,"Cartridge"
3221,PlayStation,"Optical disc"
3223,Xbox,"Optical disc"
3227,Nintendo,"Game card"
3229,Nintendo,"Optical disc"
3230,Xbox,"Cartridge"
3231,Nintendo,"Cartridge"
3237,Xbox,"Cartridge"
3244,Xbox,"Game card"
3245,Nintendo,"Cartridge"
3246,Nintendo,"Game card"
3252,PlayStation,"Game card"
3257,Xbox,"Game card"
3258,Xbox,"Cartridge"
3260,Xbox,"Optical disc"
3261,PlayStation,"Game card"
3265,PlayStation,"Optical disc"
3267,Xbox,"Cartridge"
3273,PlayStation,"Cartridge"
3279,Xbox,"Cartridge"
3282,Xbox,"Optical disc"
3286,Nintendo,"Cartridge"
3287,Nintendo,"Optical disc"
3290,Nintendo,"Game card"
3293,Xbox,"Game card"
3296,PlayStation,"Cartridge"
3297,Xbox,"Game card"
3300,Nintendo,"Optical disc"
3301,Xbox,"Cartridge"
3302,Xbox,"Optical disc"
3303,Xbox,"Optical disc"
3309,Xbox,"Game card"
3312,Nintendo,"Cartridge"
3313,Nintendo,"Game card"
3316,Nintendo,"Cartridge"
3322,Xbox,"Optical disc"
3324,PlayStation,"Optical disc"
3336,PlayStation,"Optical disc"
3341,PlayStation,"Cartridge"
3348,Xbox,"Cartridge"
3351,Xbox,"Cartridge"
3353,Nintendo,"Optical disc"
3355,PlayStation,"Game card"
3356,Nintendo,"Game card"
3364,Nintendo,"Optical disc"
3366,Nintendo,"Optical disc"
3377,Xbox,"Cartridge"
3378,Xbox,"Optical disc"
3382,Xbox,"Cartridge"
3383,Nintendo,"Cartridge"
3390,PlayStation,"Optical disc"
3393,PlayStation,"Optical disc"
3403,Nintendo,"Game card"
3404,Nintendo,"Cartridge"
3408,Nintendo,"Cartridge"
3409,Xbox,"Optical disc"
3410,Nintendo,"Optical disc"
3416,Xbox,"Game card"
3417,Nintendo,"Cartridge"
3420,PlayStation,"Optical disc"
3425,PlayStation,"Cartridge"
3428,Nintendo,"Cartridge"
3429,Xbox,"Game card"
3431,Xbox,"Game card"
3433,Xbox,"Cartridge"
3434,Xbox,"Cartridge"
3436,Nintendo,"Game card"
3449,Nintendo,"Game card"
3451,Xbox,"Cartridge"
3453,PlayStation,"Optical disc"
3455,PlayStation,"Optical disc"
3456,Nintendo,"Cartridge"
3459,Nintendo,"Optical disc"
3461,PlayStation,"Optical disc"
3465,Xbox,"Game card"
3472,Nintendo,"Cartridge"
3473,Nintendo,"Game card"
3474,PlayStation,"Game card"
3475,PlayStation,"Optical disc"
3478,Nintendo,"Cartridge"
3483,PlayStation,"Cartridge"
3485,PlayStation,"Game card"
3487,Xbox,"Cartridge"
3494,Nintendo,"Optical disc"
3496,Nintendo,"Game card"
3504,PlayStation,"Optical disc"
3505,Nintendo,"Optical disc"
3510,Xbox,"Game card"
3511,Xbox,"Cartridge"
3520,Xbox,"Cartridge"
3522,Nintendo,"Cartridge"
3523,Xbox,"Cartridge"
3525,Xbox,"Cartridge"
3528,PlayStation,"Optical disc"
3532,Nintendo,"Game card"
3533,Xbox,"Optical disc"
3535,PlayStation,"Optical disc"
3536,Xbox,"Game card"
3537,Xbox,"Optical disc"
3546,PlayStation,"Game card"
3548,Xbox,"Optical disc"
3549,Nintendo,"Cartridge"
3550,Nintendo,"Game card"
3551,Nintendo,"Optical disc"
3554,Nintendo,"Cartridge"
3555,Nintendo,"Game card"
3557,Nintendo,"Optical disc"
3559,Xbox,"Optical disc"
3563,PlayStation,"Game card"
3565,Xbox,"Game card"
3569,PlayStation,"Game card"
3572,Xbox,"Game card"
3579,PlayStation,"Optical disc"
3581,Xbox,"Optical disc"
3584,PlayStation,"Cartridge"
3591,Nintendo,"Game card"
3592,Xbox,"Cartridge"
3600,Xbox,"Cartridge"
3601,Xbox,"Optical disc"
3602,Xbox,"Game card"
3607,Xbox,"Cartridge"
3610,PlayStation,"Optical disc"
3612,Nintendo,"Game card"
3614,Nintendo,"Optical disc"
3622,Xbox,"Game card"
3624,Xbox,"Cartridge"
3627,Xbox,"Game card"
3629,PlayStation,"Game card"
3630,PlayStation,"Optical disc"
3633,Nintendo,"Game card"
3635,Nintendo,"Game card"
3637,Nintendo,"Game card"
3640,Nintendo,"Cartridge"
3646,Nintendo,"Game card"
3647,Xbox,"Cartridge"
3651,Xbox,"Cartridge"
3654,PlayStation,"Cartridge"
3655,Xbox,"Game card"
3659,Xbox,"Cartridge"
3665,Nintendo,"Game card"
3668,Xbox,"Cartridge"
3673,Xbox,"Optical disc"
3674,PlayStation,"Cartridge"
3677,Nintendo,"Optical disc"
3681,Nintendo,"Optical disc"
3688,Nintendo,"Optical disc"
3695,Xbox,"Game card"
3712,Xbox,"Game card"
3713,PlayStation,"Optical disc"
3714,Nintendo,"Game card"
3715,Xbox,"Game card"
3717,PlayStation,"Optical disc"
3725,PlayStation,"Optical disc"
3726,Nintendo,"Cartridge"
3730,Nintendo,"Optical disc"
3731,Nintendo,"Game card"
3738,Xbox,"Optical disc"
3749,Xbox,"Cartridge"
3763,Nintendo,"Cartridge"
3766,Nintendo,"Optical disc"
3770,PlayStation,"Game card"
3771,PlayStation,"Cartridge"
3772,Xbox,"Cartridge"
3775,Xbox,"Cartridge"
3778,PlayStation,"Optical disc"
3785,Nintendo,"Optical disc"
3787,Xbox,"Cartridge"
3789,Xbox,"Cartridge"
3795,Xbox,"Optical disc"
3806,Nintendo,"Game card"
3818,Xbox,"Game card"
3819,Nintendo,"Game card"
3824,Xbox,"Optical disc"
3827,PlayStation,"Game card"
3830,Xbox,"Game card"
3832,Xbox,"Game card"
3838,PlayStation,"Optical disc"
3844,Nintendo,"Cartridge"
3847,Xbox,"Optical disc"
3850,PlayStation,"Game card"
3851,Nintendo,"Optical disc"
3854,Nintendo,"Game card"
3856,Xbox,"Optical disc"
3857,Nintendo,"Game card"
3858,Xbox,"Optical disc"
3869,Xbox,"Optical disc"
3871,Nintendo,"Cartridge"
3872,Nintendo,"Game card"
3878,Nintendo,"Optical disc"
3886,Xbox,"Cartridge"
3888,Xbox,"Optical disc"
3893,PlayStation,"Optical disc"
3894,Xbox,"Optical disc"
3895,Xbox,"Game card"
3898,Xbox,"Cartridge"
3899,Nintendo,"Optical disc"
3906,PlayStation,"Cartridge"
3915,Xbox,"Cartridge"
3916,PlayStation,"Game card"
3922,Nintendo,"Game card"
3924,PlayStation,"Cartridge"
3925,PlayStation,"Optical disc"
3927,PlayStation,"Game card"
3928,Xbox,"Cartridge"
3932,PlayStation,"Cartridge"
3942,Nintendo,"Game card"
3944,Xbox,"Game card"
3951,PlayStation,"Cartridge"
3955,Xbox,"Game card"
3957,Nintendo,"Game card"
3960,PlayStation,"Optical disc"
3967,Nintendo,"Optical disc"
3969,Xbox,"Cartridge"
3972,Xbox,"Optical disc"
3974,PlayStation,"Optical disc"
3975,PlayStation,"Cartridge"
3976,Xbox,"Cartridge"
3977,Nintendo,"Optical disc"
3982,Nintendo,"Game card"
3991,PlayStation,"Cartridge"
3995,Xbox,"Cartridge"
3996,PlayStation,"Game card"
3999,Xbox,"Cartridge"
4000,Nintendo,"Optical disc"
4001,Nintendo,"Cartridge"
4002,Nintendo,"Cartridge"
4006,Xbox,"Cartridge"
4008,Xbox,"Game card"
4016,Xbox,"Game card"
4022,Nintendo,"Optical disc"
4028,Xbox,"Optical disc"
4033,Xbox,"Cartridge"
4035,Xbox,"Optical disc"
4038,Xbox,"Cartridge"
4040,Nintendo,"Game card"
4041,Nintendo,"Optical disc"
4048,PlayStation,"Optical disc"
4054,Xbox,"Game card"
4055,PlayStation,"Optical disc"
4059,Xbox,"Game card"
4063,Nintendo,"Game card"
4066,Xbox,"Cartridge"
4068,Xbox,"Cartridge"
4069,Xbox,"Optical disc"
4073,Nintendo,"Optical disc"
4074,Nintendo,"Cartridge"
4077,PlayStation,"Game card"
4083,Nintendo,"Optical disc"
4084,Xbox,"Cartridge"
4091,Nintendo,"Optical disc"
4093,Xbox,"Cartridge"
4105,Xbox,"Optical disc"
4108,Nintendo,"Optical disc"
4110,PlayStation,"Cartridge"
4116,Nintendo,"Game card"
4118,PlayStation,"Cartridge"
4120,Xbox,"Cartridge"
4128,Nintendo,"Cartridge"
4135,PlayStation,"Optical disc"
4143,Xbox,"Cartridge"
4144,Nintendo,"Cartridge"
4146,Nintendo,"Optical disc"
4147,Nintendo,"Game card"
4157,Xbox,"Game card"
4159,PlayStation,"Cartridge"
4164,Xbox,"Optical disc"
4172,Nintendo,"Game card"
4176,Xbox,"Game card"
4178,Xbox,"Cartridge"
4180,PlayStation,"Game card"
4181,PlayStation,"Cartridge"
4182,Xbox,"Game card"
4185,PlayStation,"Cartridge"
4187,Nintendo,"Game card"
4190,PlayStation,"Cartridge"
4196,Nintendo,"Optical disc"
4200,PlayStation,"Optical disc"
4202,Xbox,"Cartridge"
4204,Xbox,"Optical disc"
4208,Xbox,"Optical disc"
4211,Nintendo,"Game card"
4219,Nintendo,"Cartridge"
4220,Xbox,"Cartridge"
4225,Nintendo,"Cartridge"
4233,PlayStation,"Cartridge"
4243,Xbox,"Cartridge"
4247,PlayStation,"Cartridge"
4248,Xbox,"Cartridge"
4250,Nintendo,"Optical disc"
4252,Xbox,"Game card"
4253,Xbox,"Game card"
4260,Xbox,"Cartridge"
4265,PlayStation,"Game card"
4269,Nintendo,"Game card"
4274,Xbox,"Cartridge"
4280,PlayStation,"Optical disc"
4287,Nintendo,"Cartridge"
4298,Xbox,"Optical disc"
4299,PlayStation,"Cartridge"
4301,Nintendo,"Optical disc"
4302,Xbox,"Game card"
4304,PlayStation,"Optical disc"
4305,PlayStation,"Cartridge"
4313,Nintendo,"Cartridge"
4325,Xbox,"Game card"
4327,Nintendo,"Game card"
4330,Xbox,"Optical disc"
4331,PlayStation,"Optical disc"
4332,Xbox,"Optical disc"
4333,Xbox,"Game card"
4334,PlayStation,"Game card"
4335,Nintendo,"Optical disc"
4336,Xbox,"Optical disc"
4337,PlayStation,"Cartridge"
4338,Xbox,"Game card"
4341,Nintendo,"Optical disc"
4345,Xbox,"Cartridge"
4350,Nintendo,"Game card"
4351,PlayStation,"Cartridge"
4352,Xbox,"Game card"
4354,PlayStation,"Game card"
4357,Nintendo,"Game card"
4362,Nintendo,"Optical disc"
4368,Nintendo,"Game card"
4380,Nintendo,"Optical disc"
4382,Xbox,"Game card"
4383,Xbox,"Game card"
4386,Xbox,"Game card"
4391,PlayStation,"Game card"
4394,Xbox,"Cartridge"
4402,Xbox,"Cartridge"
4410,Nintendo,"Cartridge"
4414,Xbox,"Cartridge"
4416,Nintendo,"Game card"
4418,Nintendo,"Game card"
4419,PlayStation,"Cartridge"
4420,Nintendo,"Optical disc"
4423,PlayStation,"Cartridge"
4426,Nintendo,"Game card"
4427,PlayStation,"Game card"
4430,Nintendo,"Game card"
4432,Xbox,"Optical disc"
4433,Nintendo,"Game card"
4434,Xbox,"Cartridge"
4443,Nintendo,"Cartridge"
4451,Xbox,"Optical disc"
4454,Xbox,"Game card"
4457,Nintendo,"Optical disc"
4460,Xbox,"Game card"
4465,PlayStation,"Cartridge"
4466,Nintendo,"Cartridge"
4471,Nintendo,"Optical disc"
4473,Nintendo,"Optical disc"
4474,Nintendo,"Optical disc"
4475,Xbox,"Cartridge"
4476,Nintendo,"Optical disc"
4477,PlayStation,"Cartridge"
4481,PlayStation,"Optical disc"
4486,Xbox,"Game card"
4490,Nintendo,"Game card"
4491,Xbox,"Game card"
4495,Xbox,"Cartridge"
4501,PlayStation,"Optical disc"
4502,Nintendo,"Game card"
4508,PlayStation,"Game card"
4515,Nintendo,"Game card"
4518,Xbox,"Cartridge"
4522,Xbox,"Cartridge"
4523,Xbox,"Game card"
4524,Xbox,"Optical disc"
4532,PlayStation,"Optical disc"
4533,Xbox,"Cartridge"
4538,Nintendo,"Cartridge"
4540,Nintendo,"Cartridge"
4541,PlayStation,"Optical disc"
4542,Xbox,"Cartridge"
4543,Xbox,"Game card"
4546,Xbox,"Optical disc"
4547,PlayStation,"Game card"
4548,Nintendo,"Optical disc"
4550,Nintendo,"Game card"
4552,Xbox,"Optical disc"
4557,Nintendo,"Optical disc"
4559,Xbox,"Cartridge"
4560,PlayStation,"Game card"
4563,PlayStation,"Optical disc"
4566,Xbox,"Cartridge"
4567,Xbox,"Game card"
4571,PlayStation,"Game card"
4575,Xbox,"Cartridge"
4577,PlayStation,"Cartridge"
4579,Xbox,"Game card"
4588,Xbox,"Cartridge"
4596,Nintendo,"Game card"
4602,Xbox,"Game card"
4606,Xbox,"Optical disc"
4607,Nintendo,"Optical disc"
4609,Nintendo,"Game card"
4618,Xbox,"Cartridge"
4623,Xbox,"Cartridge"
4629,PlayStation,"Cartridge"
4634,PlayStation,"Game card"
4639,Xbox,"Game card"
4641,PlayStation,"Game card"
4643,Xbox,"Game card"
4648,Xbox,"Game card"
4651,Nintendo,"Game card"
4658,Nintendo,"Game card"
4667,Xbox,"Optical disc"
4670,Xbox,"Cartridge"
4671,Nintendo,"Optical disc"
4673,Xbox,"Game card"
4676,Xbox,"Cartridge"
4677,Xbox,"Game card"
4680,PlayStation,"Game card"
4683,Nintendo,"Cartridge"
4685,Xbox,"Game card"
4689,Nintendo,"Game card"
4690,Nintendo,"Cartridge"
4691,Nintendo,"Game card"
4696,Xbox,"Optical disc"
4700,Nintendo,"Cartridge"
4701,Nintendo,"Game card"
4702,PlayStation,"Optical disc"
4705,Nintendo,"Optical disc"
4706,Xbox,"Cartridge"
4708,Xbox,"Game card"
4709,Nintendo,"Cartridge"
4715,Xbox,"Game card"
4717,Nintendo,"Cartridge"
4721,PlayStation,"Cartridge"
4722,Xbox,"Game card"
4727,PlayStation,"Optical disc"
4730,PlayStation,"Game card"
4734,Nintendo,"Game card"
4736,Xbox,"Optical disc"
4739,Nintendo,"Cartridge"
4743,Xbox,"Optical disc"
4751,Xbox,"Cartridge"
4752,Xbox,"Optical disc"
4753,Xbox,"Cartridge"
4754,Nintendo,"Optical disc"
4756,Xbox,"Game card"
4762,Nintendo,"Optical disc"
4764,Xbox,"Cartridge"
4770,Nintendo,"Optical disc"
4775,Xbox,"Cartridge"
4777,Nintendo,"Optical disc"
4778,Nintendo,"Game card"
4781,Nintendo,"Game card"
4783,PlayStation,"Optical disc"
4789,Nintendo,"Game card"
4791,Nintendo,"Cartridge"
4794,PlayStation,"Cartridge"
4795,PlayStation,"Game card"
4821,Nintendo,"Game card"
4822,Nintendo,"Cartridge"
4835,Xbox,"Optical disc"
4840,Xbox,"Cartridge"
4845,PlayStation,"Game card"
4847,PlayStation,"Optical disc"
4852,Nintendo,"Game card"
4855,Nintendo,"Game card"
4856,Xbox,"Cartridge"
4862,Xbox,"Game card"
4872,PlayStation,"Optical disc"
4874,Xbox,"Optical disc"
4888,PlayStation,"Cartridge"
4895,Xbox,"Game card"
4901,Xbox,"Optical disc"
4906,Xbox,"Cartridge"
4916,Nintendo,"Cartridge"
4923,Xbox,"Cartridge"
4928,Xbox,"Cartridge"
4929,Xbox,"Game card"
4930,Nintendo,"Game card"
4933,PlayStation,"Cartridge"
4935,PlayStation,"Game card"
4944,Xbox,"Cartridge"
4945,Xbox,"Game card"
4946,Xbox,"Optical disc"
4947,Nintendo,"Game card"
4949,Nintendo,"Cartridge"
4950,Nintendo,"Game card"
4951,Nintendo,"Optical disc"
4952,Xbox,"Game card"
4960,Xbox,"Optical disc"
4963,Xbox,"Cartridge"
4964,Nintendo,"Game card"
4979,Xbox,"Cartridge"
4981,Xbox,"Game card"
4983,Nintendo,"Optical disc"
4988,Xbox,"Optical disc"
4997,PlayStation,"Game card"
5004,PlayStation,"Game card"
5007,Xbox,"Game card"
5010,Xbox,"Optical disc"
5011,Xbox,"Optical disc"
5013,Xbox,"Optical disc"
5016,Nintendo,"Game card"
5017,Nintendo,"Cartridge"
5021,Xbox,"Optical disc"
5022,Nintendo,"Game card"
5025,Xbox,"Cartridge"
5028,Nintendo,"Game card"
5029,Xbox,"Cartridge"
5030,Xbox,"Optical disc"
5031,PlayStation,"Optical disc"
5033,Nintendo,"Game card"
5034,Nintendo,"Optical disc"
5036,Nintendo,"Cartridge"
5039,PlayStation,"Optical disc"
5043,Nintendo,"Game card"
5046,Xbox,"Game card"
5048,Nintendo,"Game card"
5050,PlayStation,"Optical disc"
5053,Nintendo,"Cartridge"
5054,Xbox,"Optical disc"
5058,Nintendo,"Game card"
5059,Nintendo,"Game card"
5067,Xbox,"Optical disc"
5071,Xbox,"Game card"
5074,Xbox,"Game card"
5078,Nintendo,"Game card"
5079,Nintendo,"Game card"
5081,Xbox,"Cartridge"
5093,PlayStation,"Game card"
5098,Nintendo,"Optical disc"
5101,Nintendo,"Game card"
5110,Nintendo,"Cartridge"
5118,Xbox,"Optical disc"
5120,PlayStation,"Optical disc"
5121,Xbox,"Cartridge"
5124,Nintendo,"Game card"
5132,Xbox,"Game card"
5135,Nintendo,"Optical disc"
5138,Nintendo,"Cartridge"
5142,PlayStation,"Cartridge"
5146,Xbox,"Game card"
5149,PlayStation,"Game card"
5151,Nintendo,"Cartridge"
5157,Xbox,"Cartridge"
5161,Xbox,"Game card"
5163,Xbox,"Optical disc"
5167,Nintendo,"Game card"
5168,Xbox,"Optical disc"
5173,Nintendo,"Game card"
5175,PlayStation,"Cartridge"
5176,Nintendo,"Game card"
5177,Xbox,"Game card"
5178,PlayStation,"Cartridge"
5180,Xbox,"Optical disc"
5181,PlayStation,"Optical disc"
5182,Xbox,"Optical disc"
5183,Xbox,"Cartridge"
5184,Xbox,"Cartridge"
5185,PlayStation,"Optical disc"
5186,Xbox,"Optical disc"
5190,Nintendo,"Cartridge"
5191,PlayStation,"Optical disc"
5192,Xbox,"Cartridge"
5193,Xbox,"Optical disc"
5196,Nintendo,"Cartridge"
5197,PlayStation,"Optical disc"
5209,Nintendo,"Game card"
5213,Nintendo,"Game card"
5215,Xbox,"Game card"
5218,Nintendo,"Cartridge"
5220,Xbox,"Optical disc"
5223,Xbox,"Game card"
5226,PlayStation,"Game card"
5227,Xbox,"Game card"
5231,Nintendo,"Optical disc"
5232,PlayStation,"Cartridge"
5234,Nintendo,"Game card"
5235,Nintendo,"Optical disc"
5239,Xbox,"Cartridge"
5240,Xbox,"Cartridge"
5242,PlayStation,"Cartridge"
5253,Nintendo,"Cartridge"
5262,Nintendo,"Game card"
5264,Xbox,"Optical disc"
5269,Nintendo,"Game card"
5272,PlayStation,"Optical disc"
5274,Nintendo,"Cartridge"
5279,PlayStation,"Optical disc"
5287,PlayStation,"Game card"
5290,Xbox,"Optical disc"
5296,PlayStation,"Cartridge"
5299,PlayStation,"Cartridge"
5301,PlayStation,"Cartridge"
5303,Nintendo,"Game card"
5304,Nintendo,"Cartridge"
5308,Nintendo,"Cartridge"
5311,Xbox,"Cartridge"
5312,PlayStation,"Optical disc"
5316,Nintendo,"Game card"
5319,Nintendo,"Optical disc"
5326,Xbox,"Optical disc"
5331,Xbox,"Cartridge"
5333,PlayStation,"Optical disc"
5334,Nintendo,"Optical disc"
5336,Nintendo,"Cartridge"
5340,Xbox,"Cartridge"
5346,Nintendo,"Game card"
5347,PlayStation,"Cartridge"
5356,Nintendo,"Game card"
5358,Xbox,"Optical disc"
5364,Xbox,"Optical disc"
5368,Xbox,"Optical disc"
5373,PlayStation,"Cartridge"
5375,PlayStation,"Game card"
5377,PlayStation,"Optical disc"
5378,Xbox,"Game card"
5386,PlayStation,"Cartridge"
5391,Nintendo,"Cartridge"
5393,PlayStation,"Game card"
5396,Nintendo,"Cartridge"
5398,Nintendo,"Cartridge"
5399,Xbox,"Cartridge"
5400,Nintendo,"Optical disc"
5407,Xbox,"Cartridge"
5409,Xbox,"Optical disc"
5410,PlayStation,"Game card"
5411,Nintendo,"Game card"
5413,Nintendo,"Cartridge"
5422,Nintendo,"Game card"
5423,Xbox,"Game card"
5424,Nintendo,"Game card"
5426,PlayStation,"Optical disc"
5427,Nintendo,"Cartridge"
5428,PlayStation,"Game card"
5434,Xbox,"Cartridge"
5437,Nintendo,"Game card"
5438,Nintendo,"Cartridge"
5439,Xbox,"Optical disc"
5441,Xbox,"Optical disc"
5450,Nintendo,"Game card"
5453,PlayStation,"Optical disc"
5454,Xbox,"Cartridge"
5462,Xbox,"Game card"
5466,Xbox,"Cartridge"
5470,Nintendo,"Cartridge"
5471,Xbox,"Cartridge"
5472,Nintendo,"Cartridge"
5473,Xbox,"Cartridge"
5475,Nintendo,"Game card"
5477,Nintendo,"Cartridge"
5478,Nintendo,"Cartridge"
5479,PlayStation,"Cartridge"
5480,Xbox,"Cartridge"
5481,Nintendo,"Optical disc"
5482,Xbox,"Optical disc"
5488,PlayStation,"Optical disc"
5492,Xbox,"Game card"
5497,PlayStation,"Cartridge"
5498,Nintendo,"Cartridge"
5501,PlayStation,"Game card"
5503,PlayStation,"Optical disc"
5504,Nintendo,"Cartridge"
5505,Nintendo,"Cartridge"
5506,PlayStation,"Cartridge"
5512,Nintendo,"Cartridge"
5515,Xbox,"Cartridge"
5517,Nintendo,"Optical disc"
5521,Nintendo,"Game card"
5524,Xbox,"Game card"
5525,Nintendo,"Optical disc"
5530,Xbox,"Game card"
5535,Nintendo,"Game card"
5539,Xbox,"Optical disc"
5556,PlayStation,"Game card"
5567,Xbox,"Cartridge"
5573,Nintendo,"Optical disc"
5581,Xbox,"Cartridge"
5582,Xbox,"Cartridge"
5585,Xbox,"Cartridge"
5589,Nintendo,"Optical disc"
5594,Xbox,"Cartridge"
5596,Xbox,"Optical disc"
5597,Xbox,"Cartridge"
5598,Xbox,"Cartridge"
5599,Nintendo,"Game card"
5602,Nintendo,"Optical disc"
5604,Nintendo,"Game card"
5606,Nintendo,"Game card"
5608,Nintendo,"Game card"
5614,Nintendo,"Cartridge"
5615,Xbox,"Cartridge"
5616,Nintendo,"Optical disc"
5621,PlayStation,"Optical disc"
5624,Nintendo,"Game card"
5626,Nintendo,"Optical disc"
5627,PlayStation,"Optical disc"
5628,Nintendo,"Cartridge"
5632,PlayStation,"Cartridge"
5633,PlayStation,"Optical disc"
5639,Xbox,"Game card"
5647,PlayStation,"Optical disc"
5650,PlayStation,"Game card"
5651,Nintendo,"Optical disc"
5653,Xbox,"Cartridge"
5654,Nintendo,"Game card"
5663,Nintendo,"Optical disc"
5665,Nintendo,"Game card"
5667,Xbox,"Game card"
5669,PlayStation,"Optical disc"
5673,Nintendo,"Cartridge"
5674,Xbox,"Cartridge"
5675,PlayStation,"Cartridge"
5677,Xbox,"Cartridge"
5678,Xbox,"Optical disc"
5683,Xbox,"Game card"
5684,Nintendo,"Cartridge"
5685,Xbox,"Cartridge"
5686,Xbox,"Cartridge"
5693,Xbox,"Cartridge"
5696,Nintendo,"Optical disc"
5698,Nintendo,"Optical disc"
5703,PlayStation,"Optical disc"
5708,Xbox,"Game card"
5712,Xbox,"Optical disc"
5714,Xbox,"Game card"
5715,Nintendo,"Optical disc"
5716,Nintendo,"Game card"
5718,Xbox,"Cartridge"
5724,Nintendo,"Cartridge"
5725,PlayStation,"Cartridge"
5737,Xbox,"Cartridge"
5738,Xbox,"Cartridge"
5754,PlayStation,"Cartridge"
5757,Xbox,"Cartridge"
5760,Nintendo,"Game card"
5762,PlayStation,"Cartridge"
5764,Xbox,"Optical disc"
5767,PlayStation,"Optical disc"
5770,Xbox,"Cartridge"
5776,PlayStation,"Game card"
5780,Xbox,"Cartridge"
5782,Xbox,"Cartridge"
5783,PlayStation,"Game card"
5784,Nintendo,"Optical disc"
5791,Nintendo,"Cartridge"
5792,PlayStation,"Cartridge"
5794,PlayStation,"Cartridge"
5799,Xbox,"Optical disc"
5800,Xbox,"Cartridge"
5801,Xbox,"Cartridge"
5804,Xbox,"Game card"
5806,Nintendo,"Cartridge"
5810,PlayStation,"Optical disc"
5812,PlayStation,"Cartridge"
5813,Xbox,"Cartridge"
5814,Nintendo,"Game card"
5815,Nintendo,"Cartridge"
5817,Nintendo,"Optical disc"
5826,Xbox,"Cartridge"
5830,PlayStation,"Optical disc"
5839,Nintendo,"Game card"
5843,Nintendo,"Cartridge"
5844,Nintendo,"Game card"
5849,PlayStation,"Cartridge"
5860,Nintendo,"Game card"
5861,Nintendo,"Game card"
5862,Nintendo,"Optical disc"
5863,Xbox,"Cartridge"
5864,Xbox,"Cartridge"
5866,PlayStation,"Optical disc"
5870,Nintendo,"Game card"
5872,Nintendo,"Game card"
5876,PlayStation,"Optical disc"
5881,Xbox,"Cartridge"
5882,Nintendo,"Optical disc"
5883,Xbox,"Optical disc"
5891,PlayStation,"Cartridge"
5895,Xbox,"Optical disc"
5897,PlayStation,"Optical disc"
5908,Nintendo,"Cartridge"
5911,Xbox,"Cartridge"
5914,Xbox,"Cartridge"
5917,Xbox,"Cartridge"
5918,Nintendo,"Optical disc"
5920,PlayStation,"Optical disc"
5921,Xbox,"Optical disc"
5924,Nintendo,"Cartridge"
5925,Nintendo,"Optical disc"
5928,PlayStation,"Cartridge"
5932,Nintendo,"Optical disc"
5935,Nintendo,"Cartridge"
5939,Nintendo,"Game card"
5944,Xbox,"Cartridge"
5945,PlayStation,"Cartridge"
5946,Xbox,"Game card"
5947,Xbox,"Optical disc"
5951,PlayStation,"Game card"
5952,Xbox,"Cartridge"
5953,Xbox,"Optical disc"
5954,Nintendo,"Cartridge"
5955,Xbox,"Game card"
5964,Nintendo,"Optical disc"
5966,Nintendo,"Optical disc"
5968,Nintendo,"Optical disc"
5971,Xbox,"Optical disc"
5973,Xbox,"Cartridge"
5976,Xbox,"Cartridge"
5979,Xbox,"Game card"
5982,Xbox,"Optical disc"
5987,Nintendo,"Cartridge"
5991,Xbox,"Optical disc"
5993,Xbox,"Game card"
5994,PlayStation,"Game card"
5995,Xbox,"Cartridge"
5996,Xbox,"Game card"
6001,Xbox,"Game card"
6006,Xbox,"Optical disc"
6013,PlayStation,"Cartridge"
6017,Nintendo,"Cartridge"
6021,Xbox,"Game card"
6026,Nintendo,"Optical disc"
6027,PlayStation,"Optical disc"
6032,Xbox,"Game card"
6034,Xbox,"Game card"
6035,Xbox,"Game card"
6045,Xbox,"Optical disc"
6046,PlayStation,"Cartridge"
6048,Xbox,"Game card"
6049,Xbox,"Game card"
6051,Xbox,"Cartridge"
6057,Nintendo,"Cartridge"
6058,Nintendo,"Optical disc"
6060,PlayStation,"Game card"
6063,Nintendo,"Optical disc"
6066,Xbox,"Game card"
6071,Nintendo,"Cartridge"
6078,Nintendo,"Game card"
6084,Nintendo,"Cartridge"
6097,Xbox,"Cartridge"
6100,Xbox,"Optical disc"
6102,Nintendo,"Cartridge"
6103,Xbox,"Game card"
6105,Xbox,"Cartridge"
6109,Nintendo,"Cartridge"
6111,Xbox,"Game card"
6113,Nintendo,"Cartridge"
6116,PlayStation,"Cartridge"
6120,PlayStation,"Game card"
6121,PlayStation,"Optical disc"
6122,Xbox,"Game card"
6124,Xbox,"Optical disc"
6127,Nintendo,"Optical disc"
6130,Xbox,"Optical disc"
6140,Nintendo,"Optical disc"
6142,PlayStation,"Game card"
6144,Xbox,"Cartridge"
6146,Nintendo,"Optical disc"
6152,PlayStation,"Optical disc"
6155,Xbox,"Cartridge"
6159,Xbox,"Optical disc"
6161,Nintendo,"Game card"
6167,Nintendo,"Optical disc"
6171,Xbox,"Optical disc"
6179,Nintendo,"Game card"
6184,Xbox,"Optical disc"
6185,PlayStation,"Game card"
6187,Nintendo,"Cartridge"
6188,PlayStation,"Optical disc"
6189,Xbox,"Cartridge"
6191,Xbox,"Game card"
6197,Xbox,"Optical disc"
6200,Xbox,"Optical disc"
6201,Xbox,"Cartridge"
6202,PlayStation,"Game card"
6203,Xbox,"Optical disc"
6204,Xbox,"Optical disc"
6205,Xbox,"Cartridge"
6215,Xbox,"Optical disc"
6216,Xbox,"Game card"
6223,Xbox,"Cartridge"
6227,Nintendo,"Cartridge"
6228,Nintendo,"Game card"
6234,Nintendo,"Optical disc"
6236,Nintendo,"Game card"
6237,Nintendo,"Game card"
6241,Xbox,"Game card"
6245,Nintendo,"Game card"
6249,PlayStation,"Game card"
6251,Nintendo,"Game card"
6252,PlayStation,"Cartridge"
6254,Nintendo,"Game card"
6257,Xbox,"Cartridge"
6266,Xbox,"Game card"
6270,PlayStation,"Game card"
6271,Xbox,"Game card"
6278,Xbox,"Optical disc"
6279,PlayStation,"Optical disc"
6282,Nintendo,"Cartridge"
6286,Xbox,"Optical disc"
6287,Xbox,"Optical disc"
6289,Xbox,"Optical disc"
6291,PlayStation,"Game card"
6292,Nintendo,"Game card"
6294,PlayStation,"Optical disc"
6296,Xbox,"Game card"
6298,Xbox,"Optical disc"
6299,PlayStation,"Optical disc"
6309,Nintendo,"Game card"
6312,Xbox,"Cartridge"
6313,Nintendo,"Cartridge"
6314,PlayStation,"Optical disc"
6316,PlayStation,"Cartridge"
6317,PlayStation,"Optical disc"
6324,PlayStation,"Cartridge"
6335,Xbox,"Optical disc"
6343,PlayStation,"Game card"
6344,Xbox,"Game card"
6353,Xbox,"Cartridge"
6354,Xbox,"Game card"
6363,Nintendo,"Cartridge"
6368,PlayStation,"Cartridge"
6386,Nintendo,"Game card"
6393,Nintendo,"Cartridge"
6396,PlayStation,"Cartridge"
6397,Nintendo,"Optical disc"
6399,PlayStation,"Optical disc"
6405,Xbox,"Game card"
6406,Nintendo,"Game card"
6408,Nintendo,"Game card"
6411,Nintendo,"Cartridge"
6413,Nintendo,"Optical disc"
6415,Xbox,"Game card"
6416,Nintendo,"Cartridge"
6418,Nintendo,"Game card"
6422,Xbox,"Optical disc"
6423,Nintendo,"Optical disc"
6424,Xbox,"Optical disc"
6426,Nintendo,"Optical disc"
6428,Nintendo,"Cartridge"
6429,Xbox,"Cartridge"
6430,Nintendo,"Cartridge"
6433,PlayStation,"Optical disc"
6435,Xbox,"Cartridge"
6438,Nintendo,"Cartridge"
6439,Nintendo,"Game card"
6440,Nintendo,"Cartridge"
6443,PlayStation,"Cartridge"
6448,Nintendo,"Game card"
6452,Xbox,"Cartridge"
6453,Nintendo,"Cartridge"
6454,Nintendo,"Optical disc"
6462,PlayStation,"Cartridge"
6465,PlayStation,"Game card"
6475,PlayStation,"Game card"
6478,Nintendo,"Cartridge"
6479,Xbox,"Cartridge"
6482,Xbox,"Optical disc"
6484,Xbox,"Optical disc"
6495,Nintendo,"Game card"
6505,Nintendo,"Optical disc"
6506,Nintendo,"Optical disc"
6513,Nintendo,"Cartridge"
6514,Nintendo,"Game card"
6515,Xbox,"Game card"
6516,Nintendo,"Cartridge"
6525,Nintendo,"Game card"
6527,Nintendo,"Cartridge"
6531,Xbox,"Cartridge"
6536,Xbox,"Game card"
6542,Nintendo,"Optical disc"
6549,Xbox,"Optical disc"
6550,Nintendo,"Game card"
6553,Xbox,"Optical disc"
6563,Nintendo,"Cartridge"
6565,Xbox,"Optical disc"
6569,Nintendo,"Cartridge"
6573,Nintendo,"Game card"
6578,Nintendo,"Optical disc"
6580,Xbox,"Cartridge"
6581,Nintendo,"Optical disc"
6583,Xbox,"Optical disc"
6586,Nintendo,"Optical disc"
6587,Xbox,"Optical disc"
6595,Xbox,"Optical disc"
6599,Xbox,"Game card"
6608,Xbox,"Optical disc"
6611,Xbox,"Cartridge"
6612,Xbox,"Optical disc"
6626,PlayStation,"Game card"
6629,Xbox,"Cartridge"
6632,Nintendo,"Game card"
6634,Xbox,"Optical disc"
6636,Nintendo,"Game card"
6641,Nintendo,"Cartridge"
6643,Xbox,"Optical disc"
6644,Nintendo,"Optical disc"
6649,Nintendo,"Cartridge"
6654,Xbox,"Cartridge"
6670,PlayStation,"Game card"
6671,Nintendo,"Cartridge"
6676,Nintendo,"Optical disc"
6680,PlayStation,"Cartridge"
6681,PlayStation,"Cartridge"
6682,PlayStation,"Game card"
6685,Nintendo,"Game card"
6688,Xbox,"Game card"
6699,Xbox,"Game card"
6701,Nintendo,"Cartridge"
6702,Xbox,"Optical disc"
6706,Xbox,"Game card"
6712,PlayStation,"Game card"
6715,Nintendo,"Optical disc"
6724,Xbox,"Game card"
6728,Xbox,"Cartridge"
6740,Nintendo,"Cartridge"
6742,Xbox,"Cartridge"
6743,Xbox,"Game card"
6745,Nintendo,"Optical disc"
6747,Nintendo,"Optical disc"
6752,PlayStation,"Game card"
6756,Nintendo,"Game card"
6762,Nintendo,"Optical disc"
6767,Xbox,"Cartridge"
6769,PlayStation,"Game card"
6773,PlayStation,"Cartridge"
6775,Nintendo,"Game card"
6786,Xbox,"Cartridge"
6789,Xbox,"Cartridge"
6792,PlayStation,"Cartridge"
6793,PlayStation,"Optical disc"
6795,Xbox,"Game card"
6796,Nintendo,"Optical disc"
6797,PlayStation,"Game card"
6803,Xbox,"Cartridge"
6809,Xbox,"Cartridge"
6819,Xbox,"Cartridge"
6827,Xbox,"Optical disc"
6829,Nintendo,"Cartridge"
6830,PlayStation,"Cartridge"
6831,PlayStation,"Game card"
6833,Nintendo,"Game card"
6846,Xbox,"Cartridge"
6850,Nintendo,"Optical disc"
6856,Nintendo,"Cartridge"
6857,Nintendo,"Optical disc"
6858,Nintendo,"Cartridge"
6863,Nintendo,"Game card"
6867,PlayStation,"Optical disc"
6871,PlayStation,"Cartridge"
6872,PlayStation,"Game card"
6873,Xbox,"Cartridge"
6877,Nintendo,"Cartridge"
6878,Nintendo,"Optical disc"
6896,Xbox,"Optical disc"
6905,Xbox,"Game card"
6916,Xbox,"Cartridge"
6921,PlayStation,"Game card"
6925,Xbox,"Game card"
6930,Nintendo,"Optical disc"
6932,Xbox,"Game card"
6933,Xbox,"Optical disc"
6937,Nintendo,"Game card"
6941,PlayStation,"Optical disc"
6944,PlayStation,"Optical disc"
6945,Nintendo,"Optical disc"
6946,Nintendo,"Game card"
6949,PlayStation,"Cartridge"
6952,Xbox,"Game card"
6958,Xbox,"Optical disc"
6963,Nintendo,"Game card"
6970,Nintendo,"Cartridge"
6973,Xbox,"Game card"
6976,Nintendo,"Optical disc"
6984,Nintendo,"Optical disc"
6986,Xbox,"Game card"
6999,Xbox,"Optical disc"
7008,Xbox,"Optical disc"
7013,Xbox,"Optical disc"
7017,Nintendo,"Game card"
7018,Nintendo,"Cartridge"
7019,Nintendo,"Cartridge"
7020,Xbox,"Optical disc"
7022,Xbox,"Optical disc"
7024,Nintendo,"Game card"
7026,PlayStation,"Optical disc"
7028,Xbox,"Game card"
7029,Xbox,"Cartridge"
7032,Xbox,"Cartridge"
7047,Nintendo,"Game card"
7048,Xbox,"Optical disc"
7049,Xbox,"Optical disc"
7051,Nintendo,"Game card"
7052,PlayStation,"Optical disc"
7057,Xbox,"Cartridge"
7059,PlayStation,"Game card"
7064,Xbox,"Optical disc"
7068,Xbox,"Optical disc"
7069,Xbox,"Cartridge"
7072,Xbox,"Cartridge"
7077,Xbox,"Cartridge"
7081,Nintendo,"Optical disc"
7088,PlayStation,"Game card"
7089,Nintendo,"Game card"
7090,Nintendo,"Game card"
7094,Nintendo,"Game card"
7095,Nintendo,"Cartridge"
7101,PlayStation,"Optical disc"
7107,Nintendo,"Game card"
7122,Xbox,"Cartridge"
7124,PlayStation,"Game card"
7128,Xbox,"Game card"
7130,Xbox,"Optical disc"
7132,PlayStation,"Cartridge"
7133,Nintendo,"Cartridge"
7135,PlayStation,"Game card"
7136,Xbox,"Cartridge"
7142,Xbox,"Cartridge"
7143,Xbox,"Cartridge"
7144,PlayStation,"Cartridge"
7145,Xbox,"Cartridge"
7152,PlayStation,"Cartridge"
7154,Xbox,"Cartridge"
7155,Nintendo,"Cartridge"
7160,PlayStation,"Optical disc"
7161,Xbox,"Game card"
7165,Nintendo,"Game card"
7173,Nintendo,"Optical disc"
7179,PlayStation,"Game card"
7181,Nintendo,"Game card"
7185,Nintendo,"Game card"
7189,Nintendo,"Optical disc"
7190,PlayStation,"Cartridge"
7191,Xbox,"Optical disc"
7195,Xbox,"Game card"
7199,Xbox,"Optical disc"
7201,Xbox,"Optical disc"
7203,Nintendo,"Optical disc"
7210,PlayStation,"Cartridge"
7212,Xbox,"Cartridge"
7214,Nintendo,"Game card"
7215,Nintendo,"Optical disc"
7220,Xbox,"Game card"
7226,PlayStation,"Game card"
7232,Nintendo,"Cartridge"
7233,Nintendo,"Optical disc"
7235,Xbox,"Cartridge"
7236,Xbox,"Game card"
7237,Nintendo,"Cartridge"
7238,Xbox,"Optical disc"
7242,PlayStation,"Game card"
7248,Nintendo,"Optical disc"
7249,Xbox,"Cartridge"
7255,Xbox,"Optical disc"
7256,Nintendo,"Cartridge"
7257,Nintendo,"Game card"
7259,PlayStation,"Cartridge"
7261,Xbox,"Optical disc"
7264,PlayStation,"Optical disc"
7266,Nintendo,"Game card"
7268,PlayStation,"Optical disc"
7273,Xbox,"Game card"
7276,Xbox,"Game card"
7279,PlayStation,"Cartridge"
7288,Xbox,"Cartridge"
7290,PlayStation,"Cartridge"
7293,PlayStation,"Cartridge"
7295,Xbox,"Optical disc"
7296,PlayStation,"Cartridge"
7300,Nintendo,"Game card"
7305,PlayStation,"Cartridge"
7307,Xbox,"Cartridge"
7308,Xbox,"Cartridge"
7309,Xbox,"Cartridge"
7310,PlayStation,"Game card"
7317,Xbox,"Optical disc"
7321,Nintendo,"Game card"
7324,Xbox,"Game card"
7326,Nintendo,"Cartridge"
7329,Xbox,"Optical disc"
7332,Xbox,"Game card"
7334,Nintendo,"Game card"
7336,Nintendo,"Game card"
7338,PlayStation,"Optical disc"
7342,Nintendo,"Cartridge"
7357,Xbox,"Game card"
7362,Nintendo,"Cartridge"
7365,Nintendo,"Optical disc"
7366,PlayStation,"Optical disc"
7371,Xbox,"Optical disc"
7372,Nintendo,"Optical disc"
7374,Nintendo,"Optical disc"
7378,Xbox,"Cartridge"
7379,Xbox,"Game card"
7381,Nintendo,"Game card"
7386,PlayStation,"Optical disc"
7387,Xbox,"Optical disc"
7404,PlayStation,"Optical disc"
7410,PlayStation,"Optical disc"
7412,PlayStation,"Optical disc"
7413,PlayStation,"Optical disc"
7419,PlayStation,"Cartridge"
7422,PlayStation,"Cartridge"
7426,PlayStation,"Optical disc"
7428,Xbox,"Game card"
7431,Nintendo,"Game card"
7434,PlayStation,"Optical disc"
7438,Nintendo,"Cartridge"
7440,Nintendo,"Optical disc"
7442,Xbox,"Optical disc"
7443,Xbox,"Optical disc"
7448,Xbox,"Cartridge"
